id,description,dataset,category,subcategory,region,delay,universe,type,dateCoverage,coverage,userCount,alphaCount,themes
primary_sector_focused_company_count,Number of companies primarily focused in a given sector.,"{'id': 'pv13', 'name': 'Relationship Data for Equity'}","{'id': 'pv', 'name': 'Price Volume'}","{'id': 'pv-relationship', 'name': 'Relationship'}",USA,1,TOP3000,MATRIX,1.0,0.3508,8,8,[]
pv13_1l_scibr,grouping fields,"{'id': 'pv13', 'name': 'Relationship Data for Equity'}","{'id': 'pv', 'name': 'Price Volume'}","{'id': 'pv-relationship', 'name': 'Relationship'}",USA,1,TOP3000,GROUP,,0.9256,1090,2561,[]
pv13_2l_scibr,grouping fields,"{'id': 'pv13', 'name': 'Relationship Data for Equity'}","{'id': 'pv', 'name': 'Price Volume'}","{'id': 'pv-relationship', 'name': 'Relationship'}",USA,1,TOP3000,GROUP,,1.0,141,292,[]
pv13_3l_scibr,grouping fields,"{'id': 'pv13', 'name': 'Relationship Data for Equity'}","{'id': 'pv', 'name': 'Price Volume'}","{'id': 'pv-relationship', 'name': 'Relationship'}",USA,1,TOP3000,GROUP,,1.0,771,1120,[]
pv13_4l_scibr,grouping fields,"{'id': 'pv13', 'name': 'Relationship Data for Equity'}","{'id': 'pv', 'name': 'Price Volume'}","{'id': 'pv-relationship', 'name': 'Relationship'}",USA,1,TOP3000,GROUP,,1.0,404,554,[]
pv13_5l_scibr,grouping fields,"{'id': 'pv13', 'name': 'Relationship Data for Equity'}","{'id': 'pv', 'name': 'Price Volume'}","{'id': 'pv-relationship', 'name': 'Relationship'}",USA,1,TOP3000,GROUP,,1.0,533,753,[]
pv13_6l_scibr,grouping fields,"{'id': 'pv13', 'name': 'Relationship Data for Equity'}","{'id': 'pv', 'name': 'Price Volume'}","{'id': 'pv-relationship', 'name': 'Relationship'}",USA,1,TOP3000,GROUP,,1.0,378,603,[]
pv13_com_page_rank,the PageRank of competitors,"{'id': 'pv13', 'name': 'Relationship Data for Equity'}","{'id': 'pv', 'name': 'Price Volume'}","{'id': 'pv-relationship', 'name': 'Relationship'}",USA,1,TOP3000,MATRIX,,0.8966,979,1755,[]
pv13_com_rk_au,the HITS authority score of competitors,"{'id': 'pv13', 'name': 'Relationship Data for Equity'}","{'id': 'pv', 'name': 'Price Volume'}","{'id': 'pv-relationship', 'name': 'Relationship'}",USA,1,TOP3000,MATRIX,,0.8966,1048,1967,[]
pv13_custretsig_retsig,Sign of customer return,"{'id': 'pv13', 'name': 'Relationship Data for Equity'}","{'id': 'pv', 'name': 'Price Volume'}","{'id': 'pv-relationship', 'name': 'Relationship'}",USA,1,TOP3000,MATRIX,1.0,0.9276,904,2067,[]
pv13_di_5l,grouping fields,"{'id': 'pv13', 'name': 'Relationship Data for Equity'}","{'id': 'pv', 'name': 'Price Volume'}","{'id': 'pv-relationship', 'name': 'Relationship'}",USA,1,TOP3000,GROUP,1.0,1.0,7,8,[]
pv13_di_6l,grouping fields,"{'id': 'pv13', 'name': 'Relationship Data for Equity'}","{'id': 'pv', 'name': 'Price Volume'}","{'id': 'pv-relationship', 'name': 'Relationship'}",USA,1,TOP3000,GROUP,1.0,1.0,5,5,[]
pv13_h2_min2_1k_sector,Grouping fields for top 1000,"{'id': 'pv13', 'name': 'Relationship Data for Equity'}","{'id': 'pv', 'name': 'Price Volume'}","{'id': 'pv-relationship', 'name': 'Relationship'}",USA,1,TOP3000,GROUP,,0.3681,835,1677,[]
pv13_h2_sector,grouping fields,"{'id': 'pv13', 'name': 'Relationship Data for Equity'}","{'id': 'pv', 'name': 'Price Volume'}","{'id': 'pv-relationship', 'name': 'Relationship'}",USA,1,TOP3000,GROUP,,1.0,998,2322,[]
pv13_h_f1_sector,grouping fields,"{'id': 'pv13', 'name': 'Relationship Data for Equity'}","{'id': 'pv', 'name': 'Price Volume'}","{'id': 'pv-relationship', 'name': 'Relationship'}",USA,1,TOP3000,GROUP,,1.0,1428,4981,[]
pv13_h_f3_sector,grouping fields,"{'id': 'pv13', 'name': 'Relationship Data for Equity'}","{'id': 'pv', 'name': 'Price Volume'}","{'id': 'pv-relationship', 'name': 'Relationship'}",USA,1,TOP3000,GROUP,,1.0,211,702,[]
pv13_h_min10_all_sector,grouping fields,"{'id': 'pv13', 'name': 'Relationship Data for Equity'}","{'id': 'pv', 'name': 'Price Volume'}","{'id': 'pv-relationship', 'name': 'Relationship'}",USA,1,TOP3000,GROUP,,1.0,222,874,[]
pv13_h_min10_top3000_sector,grouping fields,"{'id': 'pv13', 'name': 'Relationship Data for Equity'}","{'id': 'pv', 'name': 'Price Volume'}","{'id': 'pv-relationship', 'name': 'Relationship'}",USA,1,TOP3000,GROUP,,1.0,227,758,[]
pv13_h_min20_top3000_sector,grouping fields,"{'id': 'pv13', 'name': 'Relationship Data for Equity'}","{'id': 'pv', 'name': 'Price Volume'}","{'id': 'pv-relationship', 'name': 'Relationship'}",USA,1,TOP3000,GROUP,,1.0,222,921,[]
pv13_h_min22_1000_sector,Grouping fields for top 1000,"{'id': 'pv13', 'name': 'Relationship Data for Equity'}","{'id': 'pv', 'name': 'Price Volume'}","{'id': 'pv-relationship', 'name': 'Relationship'}",USA,1,TOP3000,GROUP,,0.3673,479,1157,[]
pv13_h_min24_500_sector,Grouping fields for top 500,"{'id': 'pv13', 'name': 'Relationship Data for Equity'}","{'id': 'pv', 'name': 'Price Volume'}","{'id': 'pv-relationship', 'name': 'Relationship'}",USA,1,TOP3000,GROUP,,0.186,409,745,[]
pv13_h_min2_3000_sector,grouping fields,"{'id': 'pv13', 'name': 'Relationship Data for Equity'}","{'id': 'pv', 'name': 'Price Volume'}","{'id': 'pv-relationship', 'name': 'Relationship'}",USA,1,TOP3000,GROUP,,1.0,2920,17365,[]
pv13_h_min2_focused_pureplay_3000_sector,grouping fields,"{'id': 'pv13', 'name': 'Relationship Data for Equity'}","{'id': 'pv', 'name': 'Price Volume'}","{'id': 'pv-relationship', 'name': 'Relationship'}",USA,1,TOP3000,GROUP,,1.0,2125,10281,[]
pv13_h_min2_focused_sector,Grouping fields for top 200,"{'id': 'pv13', 'name': 'Relationship Data for Equity'}","{'id': 'pv', 'name': 'Price Volume'}","{'id': 'pv-relationship', 'name': 'Relationship'}",USA,1,TOP3000,GROUP,,0.186,705,1265,[]
pv13_h_min30_3000_mapped_sector,grouping fields,"{'id': 'pv13', 'name': 'Relationship Data for Equity'}","{'id': 'pv', 'name': 'Price Volume'}","{'id': 'pv-relationship', 'name': 'Relationship'}",USA,1,TOP3000,GROUP,,1.0,128,469,[]
pv13_h_min51_f3_sector,grouping fields,"{'id': 'pv13', 'name': 'Relationship Data for Equity'}","{'id': 'pv', 'name': 'Price Volume'}","{'id': 'pv-relationship', 'name': 'Relationship'}",USA,1,TOP3000,GROUP,,1.0,128,671,[]
pv13_h_min52_1k_sector,Grouping fields for top 1000,"{'id': 'pv13', 'name': 'Relationship Data for Equity'}","{'id': 'pv', 'name': 'Price Volume'}","{'id': 'pv-relationship', 'name': 'Relationship'}",USA,1,TOP3000,GROUP,,0.3673,424,853,[]
pv13_h_min52_3000_sector,grouping fields,"{'id': 'pv13', 'name': 'Relationship Data for Equity'}","{'id': 'pv', 'name': 'Price Volume'}","{'id': 'pv-relationship', 'name': 'Relationship'}",USA,1,TOP3000,GROUP,,1.0,88,429,[]
pv13_h_min5_3000_sector,grouping fields,"{'id': 'pv13', 'name': 'Relationship Data for Equity'}","{'id': 'pv', 'name': 'Price Volume'}","{'id': 'pv-relationship', 'name': 'Relationship'}",USA,1,TOP3000,GROUP,,1.0,162,582,[]
pv13_h_min5_500_sector,Grouping fields,"{'id': 'pv13', 'name': 'Relationship Data for Equity'}","{'id': 'pv', 'name': 'Price Volume'}","{'id': 'pv-relationship', 'name': 'Relationship'}",USA,1,TOP3000,GROUP,,0.186,125,233,[]
pv13_hierarchy23_513_sector,grouping fields,"{'id': 'pv13', 'name': 'Relationship Data for Equity'}","{'id': 'pv', 'name': 'Price Volume'}","{'id': 'pv-relationship', 'name': 'Relationship'}",USA,1,TOP3000,GROUP,,0.9933,43,60,[]
pv13_hierarchy23_sector,grouping fields,"{'id': 'pv13', 'name': 'Relationship Data for Equity'}","{'id': 'pv', 'name': 'Price Volume'}","{'id': 'pv-relationship', 'name': 'Relationship'}",USA,1,TOP3000,GROUP,,1.0,711,990,[]
pv13_hierarchy2_513_sector,grouping fields,"{'id': 'pv13', 'name': 'Relationship Data for Equity'}","{'id': 'pv', 'name': 'Price Volume'}","{'id': 'pv-relationship', 'name': 'Relationship'}",USA,1,TOP3000,GROUP,,0.9933,58,65,[]
pv13_hierarchy2_min2_1k_513_sector,grouping fields,"{'id': 'pv13', 'name': 'Relationship Data for Equity'}","{'id': 'pv', 'name': 'Price Volume'}","{'id': 'pv-relationship', 'name': 'Relationship'}",USA,1,TOP3000,GROUP,,0.3548,2,2,[]
pv13_hierarchy_f1_513_sector,grouping fields,"{'id': 'pv13', 'name': 'Relationship Data for Equity'}","{'id': 'pv', 'name': 'Price Volume'}","{'id': 'pv-relationship', 'name': 'Relationship'}",USA,1,TOP3000,GROUP,,0.9929,20,34,[]
pv13_hierarchy_f2_513_sector,grouping fields,"{'id': 'pv13', 'name': 'Relationship Data for Equity'}","{'id': 'pv', 'name': 'Price Volume'}","{'id': 'pv-relationship', 'name': 'Relationship'}",USA,1,TOP3000,GROUP,,0.9929,19,21,[]
pv13_hierarchy_f2_sector,grouping fields,"{'id': 'pv13', 'name': 'Relationship Data for Equity'}","{'id': 'pv', 'name': 'Price Volume'}","{'id': 'pv-relationship', 'name': 'Relationship'}",USA,1,TOP3000,GROUP,,1.0,35,44,[]
pv13_hierarchy_f3_513_sector,grouping fields,"{'id': 'pv13', 'name': 'Relationship Data for Equity'}","{'id': 'pv', 'name': 'Price Volume'}","{'id': 'pv-relationship', 'name': 'Relationship'}",USA,1,TOP3000,GROUP,,0.9929,6,6,[]
pv13_hierarchy_f4_513_sector,grouping fields,"{'id': 'pv13', 'name': 'Relationship Data for Equity'}","{'id': 'pv', 'name': 'Price Volume'}","{'id': 'pv-relationship', 'name': 'Relationship'}",USA,1,TOP3000,GROUP,,0.9929,11,11,[]
pv13_hierarchy_f4_sector,grouping fields,"{'id': 'pv13', 'name': 'Relationship Data for Equity'}","{'id': 'pv', 'name': 'Price Volume'}","{'id': 'pv-relationship', 'name': 'Relationship'}",USA,1,TOP3000,GROUP,,1.0,21,27,[]
pv13_hierarchy_min100_2000_513_sector,grouping fields,"{'id': 'pv13', 'name': 'Relationship Data for Equity'}","{'id': 'pv', 'name': 'Price Volume'}","{'id': 'pv-relationship', 'name': 'Relationship'}",USA,1,TOP3000,GROUP,,0.6945,7,8,[]
pv13_hierarchy_min100_corr21_513_sector,grouping fields,"{'id': 'pv13', 'name': 'Relationship Data for Equity'}","{'id': 'pv', 'name': 'Price Volume'}","{'id': 'pv-relationship', 'name': 'Relationship'}",USA,1,TOP3000,GROUP,,0.6299,18,24,[]
pv13_hierarchy_min100_corr21_sector,grouping fields,"{'id': 'pv13', 'name': 'Relationship Data for Equity'}","{'id': 'pv', 'name': 'Price Volume'}","{'id': 'pv-relationship', 'name': 'Relationship'}",USA,1,TOP3000,GROUP,,0.6474,5,6,[]
pv13_hierarchy_min10_1000_513_sector,grouping fields,"{'id': 'pv13', 'name': 'Relationship Data for Equity'}","{'id': 'pv', 'name': 'Price Volume'}","{'id': 'pv-relationship', 'name': 'Relationship'}",USA,1,TOP3000,GROUP,,0.3539,2,2,[]
pv13_hierarchy_min10_2k_513_sector,grouping fields,"{'id': 'pv13', 'name': 'Relationship Data for Equity'}","{'id': 'pv', 'name': 'Price Volume'}","{'id': 'pv-relationship', 'name': 'Relationship'}",USA,1,TOP3000,GROUP,,0.6945,10,13,[]
pv13_hierarchy_min10_2k_sector,grouping fields,"{'id': 'pv13', 'name': 'Relationship Data for Equity'}","{'id': 'pv', 'name': 'Price Volume'}","{'id': 'pv-relationship', 'name': 'Relationship'}",USA,1,TOP3000,GROUP,,0.7196,69,126,[]
pv13_hierarchy_min10_3k_all_sector,grouping fields,"{'id': 'pv13', 'name': 'Relationship Data for Equity'}","{'id': 'pv', 'name': 'Price Volume'}","{'id': 'pv-relationship', 'name': 'Relationship'}",USA,1,TOP3000,GROUP,,1.0,17,22,[]
pv13_hierarchy_min10_513_sector,grouping fields,"{'id': 'pv13', 'name': 'Relationship Data for Equity'}","{'id': 'pv', 'name': 'Price Volume'}","{'id': 'pv-relationship', 'name': 'Relationship'}",USA,1,TOP3000,GROUP,,0.6945,36,53,[]
pv13_hierarchy_min10_industry_3000_513_sector,grouping fields,"{'id': 'pv13', 'name': 'Relationship Data for Equity'}","{'id': 'pv', 'name': 'Price Volume'}","{'id': 'pv-relationship', 'name': 'Relationship'}",USA,1,TOP3000,GROUP,,0.9929,28,32,[]
pv13_hierarchy_min10_industry_3000_sector,grouping fields,"{'id': 'pv13', 'name': 'Relationship Data for Equity'}","{'id': 'pv', 'name': 'Price Volume'}","{'id': 'pv-relationship', 'name': 'Relationship'}",USA,1,TOP3000,GROUP,,1.0,26,32,[]
pv13_hierarchy_min10_sector,grouping fields,"{'id': 'pv13', 'name': 'Relationship Data for Equity'}","{'id': 'pv', 'name': 'Price Volume'}","{'id': 'pv-relationship', 'name': 'Relationship'}",USA,1,TOP3000,GROUP,,0.7196,55,73,[]
pv13_hierarchy_min10_sector_3000_513_sector,grouping fields,"{'id': 'pv13', 'name': 'Relationship Data for Equity'}","{'id': 'pv', 'name': 'Price Volume'}","{'id': 'pv-relationship', 'name': 'Relationship'}",USA,1,TOP3000,GROUP,,0.9929,6,20,[]
pv13_hierarchy_min10_sector_3000_sector,grouping fields,"{'id': 'pv13', 'name': 'Relationship Data for Equity'}","{'id': 'pv', 'name': 'Price Volume'}","{'id': 'pv-relationship', 'name': 'Relationship'}",USA,1,TOP3000,GROUP,,1.0,20,23,[]
pv13_hierarchy_min10_top3000_513_sector,grouping fields,"{'id': 'pv13', 'name': 'Relationship Data for Equity'}","{'id': 'pv', 'name': 'Price Volume'}","{'id': 'pv-relationship', 'name': 'Relationship'}",USA,1,TOP3000,GROUP,,0.9929,10,19,[]
pv13_hierarchy_min20_3k_513_sector,grouping fields,"{'id': 'pv13', 'name': 'Relationship Data for Equity'}","{'id': 'pv', 'name': 'Price Volume'}","{'id': 'pv-relationship', 'name': 'Relationship'}",USA,1,TOP3000,GROUP,,0.9929,6,6,[]
pv13_hierarchy_min20_3k_sector,grouping fields,"{'id': 'pv13', 'name': 'Relationship Data for Equity'}","{'id': 'pv', 'name': 'Price Volume'}","{'id': 'pv-relationship', 'name': 'Relationship'}",USA,1,TOP3000,GROUP,,1.0,20,23,[]
pv13_hierarchy_min20_513_sector,grouping fields,"{'id': 'pv13', 'name': 'Relationship Data for Equity'}","{'id': 'pv', 'name': 'Price Volume'}","{'id': 'pv-relationship', 'name': 'Relationship'}",USA,1,TOP3000,GROUP,,0.6945,7,8,[]
pv13_hierarchy_min20_f3_513_sector,grouping fields,"{'id': 'pv13', 'name': 'Relationship Data for Equity'}","{'id': 'pv', 'name': 'Price Volume'}","{'id': 'pv-relationship', 'name': 'Relationship'}",USA,1,TOP3000,GROUP,,0.9929,8,9,[]
pv13_hierarchy_min20_sector,grouping fields,"{'id': 'pv13', 'name': 'Relationship Data for Equity'}","{'id': 'pv', 'name': 'Price Volume'}","{'id': 'pv-relationship', 'name': 'Relationship'}",USA,1,TOP3000,GROUP,,0.7196,10,10,[]
pv13_hierarchy_min20_top3000_513_sector,grouping fields,"{'id': 'pv13', 'name': 'Relationship Data for Equity'}","{'id': 'pv', 'name': 'Price Volume'}","{'id': 'pv-relationship', 'name': 'Relationship'}",USA,1,TOP3000,GROUP,,0.9929,11,13,[]
pv13_hierarchy_min22_1000_513_sector,grouping fields,"{'id': 'pv13', 'name': 'Relationship Data for Equity'}","{'id': 'pv', 'name': 'Price Volume'}","{'id': 'pv-relationship', 'name': 'Relationship'}",USA,1,TOP3000,GROUP,,0.3539,5,5,[]
pv13_hierarchy_min22_513_sector,grouping fields,"{'id': 'pv13', 'name': 'Relationship Data for Equity'}","{'id': 'pv', 'name': 'Price Volume'}","{'id': 'pv-relationship', 'name': 'Relationship'}",USA,1,TOP3000,GROUP,,0.6945,4,4,[]
pv13_hierarchy_min22_sector,grouping fields,"{'id': 'pv13', 'name': 'Relationship Data for Equity'}","{'id': 'pv', 'name': 'Price Volume'}","{'id': 'pv-relationship', 'name': 'Relationship'}",USA,1,TOP3000,GROUP,,0.7196,12,21,[]
pv13_hierarchy_min25_513_sector,grouping fields,"{'id': 'pv13', 'name': 'Relationship Data for Equity'}","{'id': 'pv', 'name': 'Price Volume'}","{'id': 'pv-relationship', 'name': 'Relationship'}",USA,1,TOP3000,GROUP,,0.6945,3,5,[]
pv13_hierarchy_min25_sector,grouping fields,"{'id': 'pv13', 'name': 'Relationship Data for Equity'}","{'id': 'pv', 'name': 'Price Volume'}","{'id': 'pv-relationship', 'name': 'Relationship'}",USA,1,TOP3000,GROUP,,0.7196,15,17,[]
pv13_hierarchy_min2_1000_513_sector,grouping fields,"{'id': 'pv13', 'name': 'Relationship Data for Equity'}","{'id': 'pv', 'name': 'Price Volume'}","{'id': 'pv-relationship', 'name': 'Relationship'}",USA,1,TOP3000,GROUP,,0.3539,8,10,[]
pv13_hierarchy_min2_3000_513_sector,grouping fields,"{'id': 'pv13', 'name': 'Relationship Data for Equity'}","{'id': 'pv', 'name': 'Price Volume'}","{'id': 'pv-relationship', 'name': 'Relationship'}",USA,1,TOP3000,GROUP,,0.9929,12,13,[]
pv13_hierarchy_min2_513_sector,grouping fields,"{'id': 'pv13', 'name': 'Relationship Data for Equity'}","{'id': 'pv', 'name': 'Price Volume'}","{'id': 'pv-relationship', 'name': 'Relationship'}",USA,1,TOP3000,GROUP,,0.6945,13,13,[]
pv13_hierarchy_min2_focused_only_513_sector,grouping fields,"{'id': 'pv13', 'name': 'Relationship Data for Equity'}","{'id': 'pv', 'name': 'Price Volume'}","{'id': 'pv-relationship', 'name': 'Relationship'}",USA,1,TOP3000,GROUP,,0.6945,6,7,[]
pv13_hierarchy_min2_focused_only_sector,grouping fields,"{'id': 'pv13', 'name': 'Relationship Data for Equity'}","{'id': 'pv', 'name': 'Price Volume'}","{'id': 'pv-relationship', 'name': 'Relationship'}",USA,1,TOP3000,GROUP,,0.7196,582,1031,[]
pv13_hierarchy_min2_focused_pureplay_3000_513_sector,grouping fields,"{'id': 'pv13', 'name': 'Relationship Data for Equity'}","{'id': 'pv', 'name': 'Price Volume'}","{'id': 'pv-relationship', 'name': 'Relationship'}",USA,1,TOP3000,GROUP,,0.9929,279,372,[]
pv13_hierarchy_min2_focused_pureplay_513_sector,grouping fields,"{'id': 'pv13', 'name': 'Relationship Data for Equity'}","{'id': 'pv', 'name': 'Price Volume'}","{'id': 'pv-relationship', 'name': 'Relationship'}",USA,1,TOP3000,GROUP,,0.6945,17,21,[]
pv13_hierarchy_min2_focused_pureplay_sector,grouping fields,"{'id': 'pv13', 'name': 'Relationship Data for Equity'}","{'id': 'pv', 'name': 'Price Volume'}","{'id': 'pv-relationship', 'name': 'Relationship'}",USA,1,TOP3000,GROUP,,0.7196,20,26,[]
pv13_hierarchy_min2_pureplay_only_513_sector,grouping fields,"{'id': 'pv13', 'name': 'Relationship Data for Equity'}","{'id': 'pv', 'name': 'Price Volume'}","{'id': 'pv-relationship', 'name': 'Relationship'}",USA,1,TOP3000,GROUP,,0.6945,67,111,[]
pv13_hierarchy_min2_pureplay_only_sector,grouping fields,"{'id': 'pv13', 'name': 'Relationship Data for Equity'}","{'id': 'pv', 'name': 'Price Volume'}","{'id': 'pv-relationship', 'name': 'Relationship'}",USA,1,TOP3000,GROUP,,0.7196,674,961,[]
pv13_hierarchy_min2_sector,grouping fields,"{'id': 'pv13', 'name': 'Relationship Data for Equity'}","{'id': 'pv', 'name': 'Price Volume'}","{'id': 'pv-relationship', 'name': 'Relationship'}",USA,1,TOP3000,GROUP,,0.7196,69,106,[]
pv13_hierarchy_min30_3000_513_sector,grouping fields,"{'id': 'pv13', 'name': 'Relationship Data for Equity'}","{'id': 'pv', 'name': 'Price Volume'}","{'id': 'pv-relationship', 'name': 'Relationship'}",USA,1,TOP3000,GROUP,,0.9929,6,9,[]
pv13_hierarchy_min30_3000_mapped_513_sector,grouping fields,"{'id': 'pv13', 'name': 'Relationship Data for Equity'}","{'id': 'pv', 'name': 'Price Volume'}","{'id': 'pv-relationship', 'name': 'Relationship'}",USA,1,TOP3000,GROUP,,0.9929,10,13,[]
pv13_hierarchy_min30_513_sector,grouping fields,"{'id': 'pv13', 'name': 'Relationship Data for Equity'}","{'id': 'pv', 'name': 'Price Volume'}","{'id': 'pv-relationship', 'name': 'Relationship'}",USA,1,TOP3000,GROUP,,0.6945,7,7,[]
pv13_hierarchy_min30_sector,grouping fields,"{'id': 'pv13', 'name': 'Relationship Data for Equity'}","{'id': 'pv', 'name': 'Price Volume'}","{'id': 'pv-relationship', 'name': 'Relationship'}",USA,1,TOP3000,GROUP,,0.7196,10,11,[]
pv13_hierarchy_min40_3000_513_sector,grouping fields,"{'id': 'pv13', 'name': 'Relationship Data for Equity'}","{'id': 'pv', 'name': 'Price Volume'}","{'id': 'pv-relationship', 'name': 'Relationship'}",USA,1,TOP3000,GROUP,,0.9929,11,13,[]
pv13_hierarchy_min50_f3_513_sector,grouping fields,"{'id': 'pv13', 'name': 'Relationship Data for Equity'}","{'id': 'pv', 'name': 'Price Volume'}","{'id': 'pv-relationship', 'name': 'Relationship'}",USA,1,TOP3000,GROUP,,0.9929,14,17,[]
pv13_hierarchy_min51_f1_513_sector,grouping fields,"{'id': 'pv13', 'name': 'Relationship Data for Equity'}","{'id': 'pv', 'name': 'Price Volume'}","{'id': 'pv-relationship', 'name': 'Relationship'}",USA,1,TOP3000,GROUP,,0.9929,6,9,[]
pv13_hierarchy_min51_f1_sector,grouping fields,"{'id': 'pv13', 'name': 'Relationship Data for Equity'}","{'id': 'pv', 'name': 'Price Volume'}","{'id': 'pv-relationship', 'name': 'Relationship'}",USA,1,TOP3000,GROUP,,1.0,32,45,[]
pv13_hierarchy_min51_f2_513_sector,grouping fields,"{'id': 'pv13', 'name': 'Relationship Data for Equity'}","{'id': 'pv', 'name': 'Price Volume'}","{'id': 'pv-relationship', 'name': 'Relationship'}",USA,1,TOP3000,GROUP,,0.9929,9,9,[]
pv13_hierarchy_min51_f2_sector,grouping fields,"{'id': 'pv13', 'name': 'Relationship Data for Equity'}","{'id': 'pv', 'name': 'Price Volume'}","{'id': 'pv-relationship', 'name': 'Relationship'}",USA,1,TOP3000,GROUP,,1.0,15,17,[]
pv13_hierarchy_min51_f3_513_sector,grouping fields,"{'id': 'pv13', 'name': 'Relationship Data for Equity'}","{'id': 'pv', 'name': 'Price Volume'}","{'id': 'pv-relationship', 'name': 'Relationship'}",USA,1,TOP3000,GROUP,,0.9929,11,15,[]
pv13_hierarchy_min51_f4_513_sector,grouping fields,"{'id': 'pv13', 'name': 'Relationship Data for Equity'}","{'id': 'pv', 'name': 'Price Volume'}","{'id': 'pv-relationship', 'name': 'Relationship'}",USA,1,TOP3000,GROUP,,0.9929,20,24,[]
pv13_hierarchy_min51_f4_sector,grouping fields,"{'id': 'pv13', 'name': 'Relationship Data for Equity'}","{'id': 'pv', 'name': 'Price Volume'}","{'id': 'pv-relationship', 'name': 'Relationship'}",USA,1,TOP3000,GROUP,,1.0,32,41,[]
pv13_hierarchy_min52_1k_513_sector,grouping fields,"{'id': 'pv13', 'name': 'Relationship Data for Equity'}","{'id': 'pv', 'name': 'Price Volume'}","{'id': 'pv-relationship', 'name': 'Relationship'}",USA,1,TOP3000,GROUP,,0.3539,3,4,[]
pv13_hierarchy_min52_2k_513_sector,grouping fields,"{'id': 'pv13', 'name': 'Relationship Data for Equity'}","{'id': 'pv', 'name': 'Price Volume'}","{'id': 'pv-relationship', 'name': 'Relationship'}",USA,1,TOP3000,GROUP,,0.6945,5,5,[]
pv13_hierarchy_min52_2k_sector,grouping fields,"{'id': 'pv13', 'name': 'Relationship Data for Equity'}","{'id': 'pv', 'name': 'Price Volume'}","{'id': 'pv-relationship', 'name': 'Relationship'}",USA,1,TOP3000,GROUP,,0.7196,9,10,[]
pv13_hierarchy_min52_513_sector,grouping fields,"{'id': 'pv13', 'name': 'Relationship Data for Equity'}","{'id': 'pv', 'name': 'Price Volume'}","{'id': 'pv-relationship', 'name': 'Relationship'}",USA,1,TOP3000,GROUP,,0.9929,7,8,[]
pv13_hierarchy_min52_sector,grouping fields,"{'id': 'pv13', 'name': 'Relationship Data for Equity'}","{'id': 'pv', 'name': 'Price Volume'}","{'id': 'pv-relationship', 'name': 'Relationship'}",USA,1,TOP3000,GROUP,,1.0,20,22,[]
pv13_hierarchy_min54_3000_sector,grouping fields,"{'id': 'pv13', 'name': 'Relationship Data for Equity'}","{'id': 'pv', 'name': 'Price Volume'}","{'id': 'pv-relationship', 'name': 'Relationship'}",USA,1,TOP3000,GROUP,,1.0,26,30,[]
pv13_hierarchy_min5_1000_513_sector,grouping fields,"{'id': 'pv13', 'name': 'Relationship Data for Equity'}","{'id': 'pv', 'name': 'Price Volume'}","{'id': 'pv-relationship', 'name': 'Relationship'}",USA,1,TOP3000,GROUP,,0.3539,21,22,[]
pv13_hierarchy_min5_3000_513_sector,grouping fields,"{'id': 'pv13', 'name': 'Relationship Data for Equity'}","{'id': 'pv', 'name': 'Price Volume'}","{'id': 'pv-relationship', 'name': 'Relationship'}",USA,1,TOP3000,GROUP,,0.9929,13,14,[]
pv13_hierarchy_min5_513_sector,grouping fields,"{'id': 'pv13', 'name': 'Relationship Data for Equity'}","{'id': 'pv', 'name': 'Price Volume'}","{'id': 'pv-relationship', 'name': 'Relationship'}",USA,1,TOP3000,GROUP,,0.6945,6,6,[]
pv13_hierarchy_min5_corr21_1000_513_sector,grouping fields,"{'id': 'pv13', 'name': 'Relationship Data for Equity'}","{'id': 'pv', 'name': 'Price Volume'}","{'id': 'pv-relationship', 'name': 'Relationship'}",USA,1,TOP3000,GROUP,,0.3539,4,4,[]
pv13_hierarchy_min5_f3g2_sector,grouping fields,"{'id': 'pv13', 'name': 'Relationship Data for Equity'}","{'id': 'pv', 'name': 'Price Volume'}","{'id': 'pv-relationship', 'name': 'Relationship'}",USA,1,TOP3000,GROUP,,1.0,47,58,[]
pv13_hierarchy_min5_sector,grouping fields,"{'id': 'pv13', 'name': 'Relationship Data for Equity'}","{'id': 'pv', 'name': 'Price Volume'}","{'id': 'pv-relationship', 'name': 'Relationship'}",USA,1,TOP3000,GROUP,,0.7196,16,18,[]
pv13_hierarchy_sector,grouping fields,"{'id': 'pv13', 'name': 'Relationship Data for Equity'}","{'id': 'pv', 'name': 'Price Volume'}","{'id': 'pv-relationship', 'name': 'Relationship'}",USA,1,TOP3000,GROUP,,1.0,75,95,[]
pv13_hierarchys32_513_sector,grouping fields,"{'id': 'pv13', 'name': 'Relationship Data for Equity'}","{'id': 'pv', 'name': 'Price Volume'}","{'id': 'pv-relationship', 'name': 'Relationship'}",USA,1,TOP3000,GROUP,,0.9933,9,9,[]
pv13_hierarchys32_sector,grouping fields,"{'id': 'pv13', 'name': 'Relationship Data for Equity'}","{'id': 'pv', 'name': 'Price Volume'}","{'id': 'pv-relationship', 'name': 'Relationship'}",USA,1,TOP3000,GROUP,,1.0,61,68,[]
pv13_new_1l_scibr,grouping fields,"{'id': 'pv13', 'name': 'Relationship Data for Equity'}","{'id': 'pv', 'name': 'Price Volume'}","{'id': 'pv-relationship', 'name': 'Relationship'}",USA,1,TOP3000,GROUP,,0.8717,746,1148,[]
pv13_new_2l_scibr,grouping fields,"{'id': 'pv13', 'name': 'Relationship Data for Equity'}","{'id': 'pv', 'name': 'Price Volume'}","{'id': 'pv-relationship', 'name': 'Relationship'}",USA,1,TOP3000,GROUP,,1.0,64,78,[]
pv13_new_3l_scibr,grouping fields,"{'id': 'pv13', 'name': 'Relationship Data for Equity'}","{'id': 'pv', 'name': 'Price Volume'}","{'id': 'pv-relationship', 'name': 'Relationship'}",USA,1,TOP3000,GROUP,,1.0,43,55,[]
pv13_new_4l_scibr,grouping fields,"{'id': 'pv13', 'name': 'Relationship Data for Equity'}","{'id': 'pv', 'name': 'Price Volume'}","{'id': 'pv-relationship', 'name': 'Relationship'}",USA,1,TOP3000,GROUP,,1.0,69,98,[]
pv13_new_5l_scibr,grouping fields,"{'id': 'pv13', 'name': 'Relationship Data for Equity'}","{'id': 'pv', 'name': 'Price Volume'}","{'id': 'pv-relationship', 'name': 'Relationship'}",USA,1,TOP3000,GROUP,,1.0,89,120,[]
pv13_new_6l_scibr,grouping fields,"{'id': 'pv13', 'name': 'Relationship Data for Equity'}","{'id': 'pv', 'name': 'Price Volume'}","{'id': 'pv-relationship', 'name': 'Relationship'}",USA,1,TOP3000,GROUP,,1.0,93,173,[]
pv13_ompetitorgraphrank_hub_rank,the HITS hub score of competitors,"{'id': 'pv13', 'name': 'Relationship Data for Equity'}","{'id': 'pv', 'name': 'Price Volume'}","{'id': 'pv-relationship', 'name': 'Relationship'}",USA,1,TOP3000,MATRIX,,0.8966,733,1308,[]
pv13_r2_liquid_min10_sector,grouping fields,"{'id': 'pv13', 'name': 'Relationship Data for Equity'}","{'id': 'pv', 'name': 'Price Volume'}","{'id': 'pv-relationship', 'name': 'Relationship'}",USA,1,TOP3000,GROUP,,0.1866,260,602,[]
pv13_r2_liquid_min2_sector,grouping fields,"{'id': 'pv13', 'name': 'Relationship Data for Equity'}","{'id': 'pv', 'name': 'Price Volume'}","{'id': 'pv-relationship', 'name': 'Relationship'}",USA,1,TOP3000,GROUP,,0.1866,57,78,[]
pv13_r2_liquid_min5_sector,grouping fields,"{'id': 'pv13', 'name': 'Relationship Data for Equity'}","{'id': 'pv', 'name': 'Price Volume'}","{'id': 'pv-relationship', 'name': 'Relationship'}",USA,1,TOP3000,GROUP,,0.1866,64,114,[]
pv13_r2_min10_1000_sector,grouping fields,"{'id': 'pv13', 'name': 'Relationship Data for Equity'}","{'id': 'pv', 'name': 'Price Volume'}","{'id': 'pv-relationship', 'name': 'Relationship'}",USA,1,TOP3000,GROUP,,0.3674,45,183,[]
pv13_r2_min10_3000_sector,grouping fields,"{'id': 'pv13', 'name': 'Relationship Data for Equity'}","{'id': 'pv', 'name': 'Price Volume'}","{'id': 'pv-relationship', 'name': 'Relationship'}",USA,1,TOP3000,GROUP,,1.0,179,609,[]
pv13_r2_min20_1000_sector,grouping fields,"{'id': 'pv13', 'name': 'Relationship Data for Equity'}","{'id': 'pv', 'name': 'Price Volume'}","{'id': 'pv-relationship', 'name': 'Relationship'}",USA,1,TOP3000,GROUP,,0.3674,85,247,[]
pv13_r2_min20_3000_sector,grouping fields,"{'id': 'pv13', 'name': 'Relationship Data for Equity'}","{'id': 'pv', 'name': 'Price Volume'}","{'id': 'pv-relationship', 'name': 'Relationship'}",USA,1,TOP3000,GROUP,,1.0,2519,10747,[]
pv13_r2_min2_1000_sector,grouping fields,"{'id': 'pv13', 'name': 'Relationship Data for Equity'}","{'id': 'pv', 'name': 'Price Volume'}","{'id': 'pv-relationship', 'name': 'Relationship'}",USA,1,TOP3000,GROUP,,0.3674,56,186,[]
pv13_r2_min2_3000_sector,grouping fields,"{'id': 'pv13', 'name': 'Relationship Data for Equity'}","{'id': 'pv', 'name': 'Price Volume'}","{'id': 'pv-relationship', 'name': 'Relationship'}",USA,1,TOP3000,GROUP,,1.0,3369,17707,[]
pv13_r2_min5_1000_sector,grouping fields,"{'id': 'pv13', 'name': 'Relationship Data for Equity'}","{'id': 'pv', 'name': 'Price Volume'}","{'id': 'pv-relationship', 'name': 'Relationship'}",USA,1,TOP3000,GROUP,,0.3674,51,182,[]
pv13_r2_min5_3000_sector,grouping fields,"{'id': 'pv13', 'name': 'Relationship Data for Equity'}","{'id': 'pv', 'name': 'Price Volume'}","{'id': 'pv-relationship', 'name': 'Relationship'}",USA,1,TOP3000,GROUP,,1.0,181,762,[]
pv13_rcsed_6l,grouping fields,"{'id': 'pv13', 'name': 'Relationship Data for Equity'}","{'id': 'pv', 'name': 'Price Volume'}","{'id': 'pv-relationship', 'name': 'Relationship'}",USA,1,TOP3000,GROUP,1.0,1.0,2,2,[]
pv13_revere_city,City code,"{'id': 'pv13', 'name': 'Relationship Data for Equity'}","{'id': 'pv', 'name': 'Price Volume'}","{'id': 'pv-relationship', 'name': 'Relationship'}",USA,1,TOP3000,MATRIX,,0.9999,714,1438,[]
pv13_revere_company_total,Total number of companies in the sector,"{'id': 'pv13', 'name': 'Relationship Data for Equity'}","{'id': 'pv', 'name': 'Price Volume'}","{'id': 'pv-relationship', 'name': 'Relationship'}",USA,1,TOP3000,MATRIX,1.0,0.3508,534,647,[]
pv13_revere_comproduct_company,Company product,"{'id': 'pv13', 'name': 'Relationship Data for Equity'}","{'id': 'pv', 'name': 'Price Volume'}","{'id': 'pv-relationship', 'name': 'Relationship'}",USA,1,TOP3000,MATRIX,,0.4078,28,36,[]
pv13_revere_country,Country code,"{'id': 'pv13', 'name': 'Relationship Data for Equity'}","{'id': 'pv', 'name': 'Price Volume'}","{'id': 'pv-relationship', 'name': 'Relationship'}",USA,1,TOP3000,MATRIX,,1.0,540,988,[]
pv13_revere_index_cap,Company market capitalization,"{'id': 'pv13', 'name': 'Relationship Data for Equity'}","{'id': 'pv', 'name': 'Price Volume'}","{'id': 'pv-relationship', 'name': 'Relationship'}",USA,1,TOP3000,MATRIX,,1.0,917,1730,[]
pv13_revere_index_value,Value of specified index for the date,"{'id': 'pv13', 'name': 'Relationship Data for Equity'}","{'id': 'pv', 'name': 'Price Volume'}","{'id': 'pv-relationship', 'name': 'Relationship'}",USA,1,TOP3000,MATRIX,,1.0,283,413,[]
pv13_revere_key_sector_total,Number of key focus sectors for the company,"{'id': 'pv13', 'name': 'Relationship Data for Equity'}","{'id': 'pv', 'name': 'Price Volume'}","{'id': 'pv-relationship', 'name': 'Relationship'}",USA,1,TOP3000,MATRIX,,1.0,1688,3157,[]
pv13_revere_level,Level of the sector within the hierarchy,"{'id': 'pv13', 'name': 'Relationship Data for Equity'}","{'id': 'pv', 'name': 'Price Volume'}","{'id': 'pv-relationship', 'name': 'Relationship'}",USA,1,TOP3000,MATRIX,1.0,0.6205,338,561,[]
pv13_revere_parent,Code of parent sector,"{'id': 'pv13', 'name': 'Relationship Data for Equity'}","{'id': 'pv', 'name': 'Price Volume'}","{'id': 'pv-relationship', 'name': 'Relationship'}",USA,1,TOP3000,MATRIX,1.0,0.6205,340,455,[]
pv13_revere_term,"Indicates when a sector is the terminal sector (i.e., no sub-sectors)","{'id': 'pv13', 'name': 'Relationship Data for Equity'}","{'id': 'pv', 'name': 'Price Volume'}","{'id': 'pv-relationship', 'name': 'Relationship'}",USA,1,TOP3000,MATRIX,,0.4115,127,246,[]
pv13_revere_term_sector_total,Number of terminal sectors for the company,"{'id': 'pv13', 'name': 'Relationship Data for Equity'}","{'id': 'pv', 'name': 'Price Volume'}","{'id': 'pv-relationship', 'name': 'Relationship'}",USA,1,TOP3000,MATRIX,,1.0,1148,3053,[]
pv13_revere_zipcode,Zip code,"{'id': 'pv13', 'name': 'Relationship Data for Equity'}","{'id': 'pv', 'name': 'Price Volume'}","{'id': 'pv-relationship', 'name': 'Relationship'}",USA,1,TOP3000,MATRIX,,0.9238,405,1096,[]
pv13_reveremap,Mapping data,"{'id': 'pv13', 'name': 'Relationship Data for Equity'}","{'id': 'pv', 'name': 'Price Volume'}","{'id': 'pv-relationship', 'name': 'Relationship'}",USA,1,TOP3000,MATRIX,1.0,0.9926,1240,2821,[]
pv13_rha2_min10_1000_513_sector,grouping fields,"{'id': 'pv13', 'name': 'Relationship Data for Equity'}","{'id': 'pv', 'name': 'Price Volume'}","{'id': 'pv-relationship', 'name': 'Relationship'}",USA,1,TOP3000,GROUP,,0.3539,4,4,[]
pv13_rha2_min10_3000_513_sector,grouping fields,"{'id': 'pv13', 'name': 'Relationship Data for Equity'}","{'id': 'pv', 'name': 'Price Volume'}","{'id': 'pv-relationship', 'name': 'Relationship'}",USA,1,TOP3000,GROUP,,0.9933,12,16,[]
pv13_rha2_min10_513_sector,grouping fields,"{'id': 'pv13', 'name': 'Relationship Data for Equity'}","{'id': 'pv', 'name': 'Price Volume'}","{'id': 'pv-relationship', 'name': 'Relationship'}",USA,1,TOP3000,GROUP,,0.6959,4,6,[]
pv13_rha2_min10_sector,grouping fields,"{'id': 'pv13', 'name': 'Relationship Data for Equity'}","{'id': 'pv', 'name': 'Price Volume'}","{'id': 'pv-relationship', 'name': 'Relationship'}",USA,1,TOP3000,GROUP,,0.722,9,11,[]
pv13_rha2_min20_3000_513_sector,grouping fields,"{'id': 'pv13', 'name': 'Relationship Data for Equity'}","{'id': 'pv', 'name': 'Price Volume'}","{'id': 'pv-relationship', 'name': 'Relationship'}",USA,1,TOP3000,GROUP,,0.9933,19,20,[]
pv13_rha2_min20_513_sector,grouping fields,"{'id': 'pv13', 'name': 'Relationship Data for Equity'}","{'id': 'pv', 'name': 'Price Volume'}","{'id': 'pv-relationship', 'name': 'Relationship'}",USA,1,TOP3000,GROUP,,0.6959,9,12,[]
pv13_rha2_min20_sector,grouping fields,"{'id': 'pv13', 'name': 'Relationship Data for Equity'}","{'id': 'pv', 'name': 'Price Volume'}","{'id': 'pv-relationship', 'name': 'Relationship'}",USA,1,TOP3000,GROUP,,0.722,14,16,[]
pv13_rha2_min2_1000_513_sector,grouping fields,"{'id': 'pv13', 'name': 'Relationship Data for Equity'}","{'id': 'pv', 'name': 'Price Volume'}","{'id': 'pv-relationship', 'name': 'Relationship'}",USA,1,TOP3000,GROUP,,0.3539,5,7,[]
pv13_rha2_min2_3000_513_sector,grouping fields,"{'id': 'pv13', 'name': 'Relationship Data for Equity'}","{'id': 'pv', 'name': 'Price Volume'}","{'id': 'pv-relationship', 'name': 'Relationship'}",USA,1,TOP3000,GROUP,,0.9933,8,9,[]
pv13_rha2_min2_513_sector,grouping fields,"{'id': 'pv13', 'name': 'Relationship Data for Equity'}","{'id': 'pv', 'name': 'Price Volume'}","{'id': 'pv-relationship', 'name': 'Relationship'}",USA,1,TOP3000,GROUP,,0.6959,6,6,[]
pv13_rha2_min2_sector,grouping fields,"{'id': 'pv13', 'name': 'Relationship Data for Equity'}","{'id': 'pv', 'name': 'Price Volume'}","{'id': 'pv-relationship', 'name': 'Relationship'}",USA,1,TOP3000,GROUP,,0.722,813,1471,[]
pv13_rha2_min30_3000_513_sector,grouping fields,"{'id': 'pv13', 'name': 'Relationship Data for Equity'}","{'id': 'pv', 'name': 'Price Volume'}","{'id': 'pv-relationship', 'name': 'Relationship'}",USA,1,TOP3000,GROUP,,0.993,17,19,[]
pv13_rha2_min40_3000_513_sector,grouping fields,"{'id': 'pv13', 'name': 'Relationship Data for Equity'}","{'id': 'pv', 'name': 'Price Volume'}","{'id': 'pv-relationship', 'name': 'Relationship'}",USA,1,TOP3000,GROUP,,0.993,28,31,[]
pv13_rha2_min5_1000_513_sector,grouping fields,"{'id': 'pv13', 'name': 'Relationship Data for Equity'}","{'id': 'pv', 'name': 'Price Volume'}","{'id': 'pv-relationship', 'name': 'Relationship'}",USA,1,TOP3000,GROUP,,0.3539,9,9,[]
pv13_rha2_min5_3000_513_sector,grouping fields,"{'id': 'pv13', 'name': 'Relationship Data for Equity'}","{'id': 'pv', 'name': 'Price Volume'}","{'id': 'pv-relationship', 'name': 'Relationship'}",USA,1,TOP3000,GROUP,,0.9933,11,11,[]
pv13_rha2_min5_513_sector,grouping fields,"{'id': 'pv13', 'name': 'Relationship Data for Equity'}","{'id': 'pv', 'name': 'Price Volume'}","{'id': 'pv-relationship', 'name': 'Relationship'}",USA,1,TOP3000,GROUP,,0.6959,2,2,[]
pv13_rha2_min5_sector,grouping fields,"{'id': 'pv13', 'name': 'Relationship Data for Equity'}","{'id': 'pv', 'name': 'Price Volume'}","{'id': 'pv-relationship', 'name': 'Relationship'}",USA,1,TOP3000,GROUP,,0.722,855,1494,[]
pv13_ustomergraphrank_auth_rank,the HITS authority score of customers,"{'id': 'pv13', 'name': 'Relationship Data for Equity'}","{'id': 'pv', 'name': 'Price Volume'}","{'id': 'pv-relationship', 'name': 'Relationship'}",USA,1,TOP3000,MATRIX,,0.7906,327,506,[]
pv13_ustomergraphrank_hub_rank,the HITS hub score of customers,"{'id': 'pv13', 'name': 'Relationship Data for Equity'}","{'id': 'pv', 'name': 'Price Volume'}","{'id': 'pv-relationship', 'name': 'Relationship'}",USA,1,TOP3000,MATRIX,,0.7906,570,932,[]
pv13_ustomergraphrank_page_rank,the PageRank of customers,"{'id': 'pv13', 'name': 'Relationship Data for Equity'}","{'id': 'pv', 'name': 'Price Volume'}","{'id': 'pv-relationship', 'name': 'Relationship'}",USA,1,TOP3000,MATRIX,,0.7906,541,845,[]
rel_num_all,number of the companies whose product overlapped with the instrument,"{'id': 'pv13', 'name': 'Relationship Data for Equity'}","{'id': 'pv', 'name': 'Price Volume'}","{'id': 'pv-relationship', 'name': 'Relationship'}",USA,1,TOP3000,MATRIX,,0.9939,1546,3640,[]
rel_num_comp,number of the instrument's competitors,"{'id': 'pv13', 'name': 'Relationship Data for Equity'}","{'id': 'pv', 'name': 'Price Volume'}","{'id': 'pv-relationship', 'name': 'Relationship'}",USA,1,TOP3000,MATRIX,,0.8902,1059,1850,[]
rel_num_cust,number of the instrument's customers,"{'id': 'pv13', 'name': 'Relationship Data for Equity'}","{'id': 'pv', 'name': 'Price Volume'}","{'id': 'pv-relationship', 'name': 'Relationship'}",USA,1,TOP3000,MATRIX,,0.5068,982,2364,[]
rel_num_part,number of the instrument's partners,"{'id': 'pv13', 'name': 'Relationship Data for Equity'}","{'id': 'pv', 'name': 'Price Volume'}","{'id': 'pv-relationship', 'name': 'Relationship'}",USA,1,TOP3000,MATRIX,,0.7837,2312,5700,[]
rel_ret_all,Averaged one-day return of the companies whose product overlapped with the instrument,"{'id': 'pv13', 'name': 'Relationship Data for Equity'}","{'id': 'pv', 'name': 'Price Volume'}","{'id': 'pv-relationship', 'name': 'Relationship'}",USA,1,TOP3000,MATRIX,,0.9613,813,1777,[]
rel_ret_comp,Averaged one-day return of the competing companies,"{'id': 'pv13', 'name': 'Relationship Data for Equity'}","{'id': 'pv', 'name': 'Price Volume'}","{'id': 'pv-relationship', 'name': 'Relationship'}",USA,1,TOP3000,MATRIX,,0.8228,1496,2498,[]
rel_ret_cust,averaged one-day-return of the instrument's customers,"{'id': 'pv13', 'name': 'Relationship Data for Equity'}","{'id': 'pv', 'name': 'Price Volume'}","{'id': 'pv-relationship', 'name': 'Relationship'}",USA,1,TOP3000,MATRIX,,0.4921,214,554,[]
rel_ret_part,Averaged one-day return of the instrument's partners,"{'id': 'pv13', 'name': 'Relationship Data for Equity'}","{'id': 'pv', 'name': 'Price Volume'}","{'id': 'pv-relationship', 'name': 'Relationship'}",USA,1,TOP3000,MATRIX,,0.7097,1104,2598,[]
single_sector_pureplay_company_count,Number of companies exclusively operating in a single sector.,"{'id': 'pv13', 'name': 'Relationship Data for Equity'}","{'id': 'pv', 'name': 'Price Volume'}","{'id': 'pv-relationship', 'name': 'Relationship'}",USA,1,TOP3000,MATRIX,1.0,0.3508,5,5,[]
